1|Volkman|Melissa|Melissa.Volkman40|22222222222|447238848_52140|
2|Pagac|Rosalie|Rosalie_Pagac|877.364.3968|631096214_48093|
3|Nitzsche|Kelly|Kelly_Nitzsche11|318.222.3860|862898080_12295|
4|Lehner|Dominick|Dominick.Lehner24|780-414-1757 x750|374658508_13180|
5|Mertz|Alyssa|Alyssa97|209.270.1061|285382996_51228|
6|Bins|Rachael|Rachael.Bins81|1-932-297-6634 x062|183285812_25501|
7|Ferry|Norman|Norman_Ferry|657-249-8962 x9190|369745245_82510|
8|Auer|Steven|Steven.Auer|659-900-4411|346808009_27715|
9|Kling|Samuel|Samuel93|(235) 916-7034 x071|456715750_31301|
10|Strosin|Sheldon|Sheldon.Strosin|392-392-9710 x104|501901520_61970|
11|Block|Terence|Terence.Block65|911-561-9973 x2014|546926932_26901|
12|Metz|Jermaine|Jermaine_Metz2|1-376-531-9855 x918|217936351_31646|
13|Ledner|Horace|Horace_Ledner17|425-962-0383 x12634|281606041_75014|
14|Cartwright|Sally|Sally.Cartwright|548.893.2056 x53446|696605451_19171|
15|Corkery|Lloyd|Lloyd89|729-779-9313 x2872|548456000_59180|
16|Okuneva|Lyle|Lyle93|374.634.5170|871341299_28645|
17|Ledner|Saul|Saul25|(372) 848-8802|832436206_21028|
18|Cormier|Cassandra|Cassandra_Cormier72|485.376.1324|842035027_81511|
19|Gaylord|Carroll|Carroll_Gaylord95|655.743.2999 x541|101430441_43034|
20|McCullough|Penny|Penny98|955-629-8113 x95238|305846396_61560|
21|Hilpert|Angie|Angie_Hilpert|752-326-2768 x3078|723519412_71764|
22|Torp|Juanita|Juanita45|1-790-653-3461|627415656_24663|
23|Stamm|Angelica|Angelica.Stamm|1-482-201-4078|438535734_25642|
24|Weissnat|Jessie|Jessie95|(420) 700-5235 x997|434606530_24385|
25|Olson|Jake|Jake_Olson|(480) 705-4655 x208|549745883_65397|
26|O'Hara|Hope|Hope_OHara|(484) 447-4269 x8062|427581177_31511|
27|VonRueden|Jesse|Jesse.VonRueden90|222.788.2807 x346|880061364_76604|
28|Hand|Terry|Terry.Hand|1-330-802-3895 x8222|513090356_62453|
29|Kunze|Rachael|Rachael_Kunze|1-493-552-0895|427771133_76632|
30|Wolff|Yvonne|Yvonne_Wolff|1-899-558-2398|527767585_79690|
31|Fritsch|Gregory|Gregory.Fritsch90|1-525-791-8945 x7582|688852357_22786|
32|Greenfelder|Lloyd|Lloyd17|279.268.1400 x2225|735649841_58451|
33|Mosciski|Bob|Bob.Mosciski|979.678.7098|472918274_82425|
34|Strosin|Dwight|Dwight_Strosin|1-688-347-2129 x778|677207679_20219|
35|Gerlach|Ginger|Ginger.Gerlach96|938-857-2108 x275|727745642_75321|
36|Cruickshank|Ken|Ken.Cruickshank10|449.527.3901 x28625|564836166_50045|
37|Swift|Anna|Anna75|785-256-4855|837780552_10658|
38|Schuster|Cristina|Cristina_Schuster|902-656-0380 x172|314794800_28966|
39|Friesen|Pauline|Pauline.Friesen41|1-627-930-5840 x408|592308189_65837|
40|Sporer|Dennis|Dennis_Sporer|418-580-1906 x80820|117351928_36487|
41|Purdy|Meredith|Meredith.Purdy|(840) 711-4479|813100214_60199|
42|O'Connell|Lori|Lori87|1-220-506-3676|660035185_15948|
43|Koch|Jared|Jared.Koch|(229) 497-9898|862029628_39883|
44|Abbott|Yvonne|Yvonne.Abbott94|1-723-987-5253 x71732|735326279_46956|
45|DuBuque|Allen|Allen76|1-688-959-5534 x402|351720905_52929|
46|Miller|Oscar|Oscar_Miller|(938) 515-4745 x3422|454508928_75871|
47|Hyatt|Cameron|Cameron44|614-639-7529|799582266_65220|
48|O'Hara|Karen|Karen.OHara|(281) 769-1857 x029|157893840_10374|
49|Romaguera|Tamara|Tamara_Romaguera79|(720) 557-3927 x105|770949720_30258|
50|Bauch|Alton|Alton.Bauch|207.806.4377|191071886_76963|
51|Wolf|Elbert|Elbert.Wolf|1-458-370-6901 x4312|203850217_67852|
52|Cummerata|Lee|Lee62|482-631-1428|651690890_50010|
53|Murazik|Candice|Candice_Murazik13|(429) 882-5663|788502709_46733|
54|Bernhard|Jimmie|Jimmie46|467-997-2948 x64472|127158190_20578|
55|Kertzmann|Darnell|Darnell50|1-874-270-9143|283749975_64160|
56|Deckow|Rudy|Rudy.Deckow|983.700.3899 x89139|610876362_18498|
57|Shanahan|Mack|Mack.Shanahan|1-907-305-2787|281335178_37397|
58|Littel|Shelly|Shelly_Littel|1-248-505-9360 x836|845846123_26298|
59|Kirlin|Toni|Toni44|1-385-577-2927|146580122_23156|
60|DuBuque|Philip|Philip72|1-924-661-0310 x602|696065323_15691|
61|Krajcik|Bonnie|Bonnie.Krajcik|526-779-6313|554322589_10112|
62|Olson|Emanuel|Emanuel.Olson|1-768-758-2664 x897|141998652_59578|
63|Bartoletti|Candace|Candace_Bartoletti|(760) 667-2927|460225518_82661|
64|Boyer|Earnest|Earnest.Boyer45|(880) 714-7645 x128|208199233_17136|
65|Predovic|Jodi|Jodi.Predovic|(982) 361-0949 x7274|667832933_80531|
66|Littel|Enrique|Enrique48|1-584-594-2064|737790468_48136|
67|Kohler|Marty|Marty.Kohler|(748) 466-9274|843730460_37187|
68|Mills|Joanna|Joanna_Mills21|1-452-702-2983|823370550_62541|
69|Braun|Shelley|Shelley_Braun92|1-916-934-3504 x078|714941594_17838|
70|Boyer|Otis|Otis50|(539) 861-5848 x28931|271698503_20232|
71|Zemlak|Jake|Jake_Zemlak|(746) 650-7176|272777498_46353|
72|Rodriguez|Brandon|Brandon41|1-738-976-2202|698898977_80551|
73|Mills|Laurence|Laurence.Mills20|695-204-1721|374646308_17851|
74|Stamm|Karl|Karl_Stamm96|365-609-1266|103977835_85334|
75|Anderson|Jan|Jan2|230-350-4930 x993|365084894_45935|
76|Schoen|Nelson|Nelson27|888-508-7568 x50448|610942596_87003|
77|Stanton|Abraham|Abraham81|754-964-4270 x005|181935242_23404|
78|Metz|Roderick|Roderick56|(558) 973-5412|489302467_47017|
79|Kilback|Diana|Diana41|264-613-7332|520916234_70312|
80|Cremin|Arlene|Arlene_Cremin12|1-994-703-8587 x23704|141750411_85351|
81|Leffler|Lindsey|Lindsey_Leffler36|659.210.4361 x49121|726097749_21103|
82|Durgan|Joel|Joel.Durgan25|662.773.0403|569100427_32923|
83|Tillman|Kellie|Kellie65|656-748-7387 x1338|748793781_85682|
84|Champlin|Minnie|Minnie_Champlin|(671) 997-9229 x47554|408447420_25458|
85|Hermiston|Kate|Kate70|(220) 822-5594 x80994|453651760_25735|
86|Zieme|Beverly|Beverly.Zieme42|516.700.6586|833842215_69413|
87|Mante|Rhonda|Rhonda.Mante|932-477-4315|650778644_19846|
88|Marquardt|Deborah|Deborah.Marquardt19|628-315-5737 x5569|281038384_25260|
89|Hand|Loretta|Loretta64|314-257-4634 x97948|161995367_60776|
90|Huel|Linda|Linda.Huel|(616) 274-9216 x14954|386294334_31158|
91|McClure|Susie|Susie4|(850) 541-9631 x5343|279464347_55314|
92|Wisozk|Lola|Lola.Wisozk|904.385.8585 x4994|209890639_78087|
93|McClure|Byron|Byron_McClure|(756) 585-5998 x206|223363094_67713|
94|Grimes|Amos|Amos.Grimes52|(630) 656-2643|217864769_82787|
95|Kunze|Verna|Verna.Kunze|1-827-714-6011 x3914|441496715_51496|
96|Mraz|Gabriel|Gabriel60|1-837-341-2154 x70781|299150828_83027|
97|MacGyver|Darryl|Darryl.MacGyver18|1-969-217-3734 x249|601789585_66069|
98|Klein|Myrtle|Myrtle.Klein|684.676.6764 x2223|113539496_15305|
99|Feest|Carl|Carl_Feest47|1-957-637-9406 x567|252659343_86058|